club_id,club_code,name,domestic_competition_id,total_market_value,squad_size,average_age,foreigners_number,foreigners_percentage,national_team_players,stadium_name,stadium_seats,net_transfer_record,coach_name,last_season,url
105,sv-darmstadt-98,SV Darmstadt 98,L1,,30,263,11,367,1,Merck-Stadion am Böllenfalltor,17500,€-1.60m,,2023,https://www.transfermarkt.co.uk/sv-darmstadt-98/startseite/verein/105
12,as-rom,AS Roma,IT1,,26,273,17,654,17,Olimpico di Roma,73261,+€65.20m,,2023,https://www.transfermarkt.co.uk/as-rom/startseite/verein/12
148,tottenham-hotspur,Tottenham Hotspur,GB1,,29,261,21,724,22,Tottenham Hotspur Stadium,62062,€-130.40m,,2023,https://www.transfermarkt.co.uk/tottenham-hotspur/startseite/verein/148
4795,fc-ingolstadt-04,FC Ingolstadt 04,L1,,28,243,8,286,1,Audi Sportpark,15800,+€1.55m,,2016,https://www.transfermarkt.co.uk/fc-ingolstadt-04/startseite/verein/4795
5358,sd-huesca,SD Huesca,ES1,,24,275,8,333,2,El Alcoraz,9128,+€1.43m,,2020,https://www.transfermarkt.co.uk/sd-huesca/startseite/verein/5358
603,cardiff-city,Cardiff City,GB1,,28,255,24,857,8,Cardiff City Stadium,33280,€-655k,,2018,https://www.transfermarkt.co.uk/cardiff-city/startseite/verein/603
969,montpellier-hsc,Montpellier HSC,FR1,,24,260,12,500,6,Stade de la Mosson,32939,+€31.80m,,2023,https://www.transfermarkt.co.uk/montpellier-hsc/startseite/verein/969
989,afc-bournemouth,AFC Bournemouth,GB1,,29,263,20,690,14,Vitality Stadium,11329,€-126.19m,,2023,https://www.transfermarkt.co.uk/afc-bournemouth/startseite/verein/989
993,fc-cordoba,Córdoba CF,ES1,,24,279,4,167,0,Nuevo Arcángel,21822,+-0,,2014,https://www.transfermarkt.co.uk/fc-cordoba/startseite/verein/993
1025,fc-bologna,Bologna FC 1909,IT1,,26,252,18,692,13,Stadio Renato Dall’Ara,36462,€-18.50m,,2023,https://www.transfermarkt.co.uk/fc-bologna/startseite/verein/1025
1082,losc-lille,LOSC Lille,FR1,,24,260,17,708,6,Decathlon Arena-Stade Pierre-Mauroy,50186,+€6.10m,,2023,https://www.transfermarkt.co.uk/losc-lille/startseite/verein/1082
1160,nimes-olympique,Nîmes Olympique,FR1,,26,254,12,462,3,Stade des Antonins,8033,+€2.50m,,2020,https://www.transfermarkt.co.uk/nimes-olympique/startseite/verein/1160
3008,hull-city,Hull City,GB1,,28,250,17,607,6,MKM Stadium,25586,+€7.50m,,2016,https://www.transfermarkt.co.uk/hull-city/startseite/verein/3008
31,fc-liverpool,Liverpool FC,GB1,,26,261,21,808,17,Anfield,54074,€-111.30m,,2023,https://www.transfermarkt.co.uk/fc-liverpool/startseite/verein/31
3911,stade-brest-29,Stade Brestois 29,FR1,,25,259,7,280,4,Stade Francis-Le Blé,15220,+€5.10m,,2023,https://www.transfermarkt.co.uk/stade-brest-29/startseite/verein/3911
4,1-fc-nurnberg,1.FC Nuremberg,L1,,33,252,7,212,2,Max-Morlock-Stadion,50000,+€2.63m,,2018,https://www.transfermarkt.co.uk/1-fc-nurnberg/startseite/verein/4
410,udinese-calcio,Udinese Calcio,IT1,,36,250,31,861,8,Bluenergy Stadium,25144,+€5.56m,,2023,https://www.transfermarkt.co.uk/udinese-calcio/startseite/verein/410
595,sc-bastia,SC Bastia,FR1,,25,276,8,320,6,Stade Armand-Cesari,16480,+€480k,,2016,https://www.transfermarkt.co.uk/sc-bastia/startseite/verein/595
1010,fc-watford,Watford FC,GB1,,30,263,24,800,12,Vicarage Road,21577,+€42.02m,,2021,https://www.transfermarkt.co.uk/fc-watford/startseite/verein/1010
1108,deportivo-alaves,Deportivo Alavés,ES1,,23,257,9,391,3,Mendizorroza,19840,€-6.30m,,2023,https://www.transfermarkt.co.uk/deportivo-alaves/startseite/verein/1108
1158,fc-lorient,FC Lorient,FR1,,30,250,14,467,10,Stade du Moustoir,19010,+€37.70m,,2023,https://www.transfermarkt.co.uk/fc-lorient/startseite/verein/1158
13,atletico-madrid,Atlético de Madrid,ES1,,24,292,14,583,14,Civitas Metropolitano,67829,+€57.30m,,2023,https://www.transfermarkt.co.uk/atletico-madrid/startseite/verein/13
131,fc-barcelona,FC Barcelona,ES1,,21,266,10,476,16,Olímpic Lluís Companys,55926,+€102.00m,,2023,https://www.transfermarkt.co.uk/fc-barcelona/startseite/verein/131
18,borussia-monchengladbach,Borussia Mönchengladbach,L1,,31,257,17,548,8,Stadion im Borussia-Park,54042,€-4.28m,,2023,https://www.transfermarkt.co.uk/borussia-monchengladbach/startseite/verein/18
2036,1-fc-heidenheim-1846,1.FC Heidenheim 1846,L1,,28,262,5,179,1,Voith-Arena,15000,€-2.30m,,2023,https://www.transfermarkt.co.uk/1-fc-heidenheim-1846/startseite/verein/2036
273,fc-stade-rennes,Stade Rennais FC,FR1,,25,246,10,400,7,Roazhon Park,29778,+€85.60m,,2023,https://www.transfermarkt.co.uk/fc-stade-rennes/startseite/verein/273
366,real-valladolid,Real Valladolid CF,ES1,,22,272,11,500,6,Nuevo José Zorrilla,27618,+€2.50m,,2022,https://www.transfermarkt.co.uk/real-valladolid/startseite/verein/366
458,palermo-fc,Palermo FC,IT1,,28,256,7,250,4,"Comunale Renzo Barbera ""La Favorita""",36365,€-7.94m,,2016,https://www.transfermarkt.co.uk/palermo-fc/startseite/verein/458
46,inter-mailand,Inter Milan,IT1,,25,289,16,640,19,Giuseppe Meazza,75923,+€65.20m,,2023,https://www.transfermarkt.co.uk/inter-mailand/startseite/verein/46
995,fc-nantes,FC Nantes,FR1,,28,259,15,536,8,Stade de la Beaujoire,37463,€-450k,,2023,https://www.transfermarkt.co.uk/fc-nantes/startseite/verein/995
1003,leicester-city,Leicester City,GB1,,25,271,14,560,11,King Power Stadium,32273,+€26.00m,,2022,https://www.transfermarkt.co.uk/leicester-city/startseite/verein/1003
1237,brighton-amp-hove-albion,Brighton & Hove Albion,GB1,,26,262,19,731,13,AMEX Stadium,31800,+€94.70m,,2023,https://www.transfermarkt.co.uk/brighton-amp-hove-albion/startseite/verein/1237
2969,dijon-fco,Dijon FCO,FR1,,29,258,14,483,4,Stade Gaston-Gérard,16098,+€1.50m,,2020,https://www.transfermarkt.co.uk/dijon-fco/startseite/verein/2969
3522,spezia-calcio,Spezia Calcio,IT1,,32,244,25,781,11,Alberto Picco,11676,€-3.95m,,2022,https://www.transfermarkt.co.uk/spezia-calcio/startseite/verein/3522
40,fc-girondins-bordeaux,FC Girondins Bordeaux,FR1,,26,227,13,500,6,Matmut Atlantique,42115,+€12.70m,,2021,https://www.transfermarkt.co.uk/fc-girondins-bordeaux/startseite/verein/40
6195,ssc-neapel,SSC Napoli,IT1,,27,264,17,630,16,Stadio Diego Armando Maradona,54726,€-26.50m,,2023,https://www.transfermarkt.co.uk/ssc-neapel/startseite/verein/6195
82,vfl-wolfsburg,VfL Wolfsburg,L1,,29,247,19,655,12,Volkswagen Arena,28917,€-400k,,2023,https://www.transfermarkt.co.uk/vfl-wolfsburg/startseite/verein/82
1050,fc-villarreal,Villarreal CF,ES1,,24,290,8,333,7,La Cerámica,23500,+€97.00m,,2023,https://www.transfermarkt.co.uk/fc-villarreal/startseite/verein/1050
1147,ac-ajaccio,AC Ajaccio,FR1,,24,275,11,458,6,Stade François-Coty,10446,+-0,,2022,https://www.transfermarkt.co.uk/ac-ajaccio/startseite/verein/1147
130,parma-calcio-1913,Parma Calcio 1913,IT1,,30,249,23,767,6,Ennio Tardini,22352,€-4.37m,,2020,https://www.transfermarkt.co.uk/parma-calcio-1913/startseite/verein/130
1429,cesena-fc,Cesena FC,IT1,,28,260,4,143,0,Orogel Stadium - Dino Manuzzi,23860,+€335k,,2014,https://www.transfermarkt.co.uk/cesena-fc/startseite/verein/1429
15,bayer-04-leverkusen,Bayer 04 Leverkusen,L1,,27,247,21,778,17,BayArena,30210,€-12.10m,,2023,https://www.transfermarkt.co.uk/bayer-04-leverkusen/startseite/verein/15
2722,spal,SPAL,IT1,,32,260,8,250,2,Paolo Mazza,16134,+€2.75m,,2019,https://www.transfermarkt.co.uk/spal/startseite/verein/2722
276,hellas-verona,Hellas Verona,IT1,,33,257,22,667,7,Marcantonio Bentegodi,39211,+€43.46m,,2023,https://www.transfermarkt.co.uk/hellas-verona/startseite/verein/276
703,nottingham-forest,Nottingham Forest,GB1,,32,270,27,844,20,The City Ground,30445,€-57.23m,,2023,https://www.transfermarkt.co.uk/nottingham-forest/startseite/verein/703
80,vfl-bochum,VfL Bochum,L1,,30,276,14,467,3,Vonovia Ruhrstadion,26000,€-2.45m,,2023,https://www.transfermarkt.co.uk/vfl-bochum/startseite/verein/80
1031,luton-town,Luton Town,GB1,,26,278,12,462,7,Kenilworth Road,10226,€-22.75m,,2023,https://www.transfermarkt.co.uk/luton-town/startseite/verein/1031
1071,wigan-athletic,Wigan Athletic,GB1,,26,240,8,308,2,DW Stadium,25133,+€290k,,2012,https://www.transfermarkt.co.uk/wigan-athletic/startseite/verein/1071
1110,huddersfield-town,Huddersfield Town,GB1,,33,267,12,364,3,John Smith's Stadium,24500,+€11.28m,,2018,https://www.transfermarkt.co.uk/huddersfield-town/startseite/verein/1110
1159,as-nancy-lorraine,AS Nancy-Lorraine,FR1,,27,257,5,185,0,Stade Marcel-Picot,20087,+-0,,2016,https://www.transfermarkt.co.uk/as-nancy-lorraine/startseite/verein/1159
1421,stade-reims,Stade Reims,FR1,,24,251,18,750,10,Stade Auguste-Delaune,21684,+€10.55m,,2023,https://www.transfermarkt.co.uk/stade-reims/startseite/verein/1421
1423,fc-valenciennes,Valenciennes FC,FR1,,30,236,15,500,5,Stade du Hainaut,25000,+€2.52m,,2013,https://www.transfermarkt.co.uk/fc-valenciennes/startseite/verein/1423
162,as-monaco,AS Monaco,FR1,,26,243,26,1000,15,Stade Louis-II,17000,€-24.50m,,2023,https://www.transfermarkt.co.uk/as-monaco/startseite/verein/162
24,eintracht-frankfurt,Eintracht Frankfurt,L1,,36,245,20,556,9,Deutsche Bank Park,55000,+€85.85m,,2023,https://www.transfermarkt.co.uk/eintracht-frankfurt/startseite/verein/24
331,ca-osasuna,CA Osasuna,ES1,,24,283,4,167,3,El Sadar,23576,€-6.50m,,2023,https://www.transfermarkt.co.uk/ca-osasuna/startseite/verein/331
3709,fc-getafe,Getafe CF,ES1,,23,280,13,565,6,Coliseum,16800,€-5.00m,,2023,https://www.transfermarkt.co.uk/fc-getafe/startseite/verein/3709
750,fc-sochaux-montbeliard,FC Sochaux-Montbéliard,FR1,,29,230,9,310,1,Stade Auguste-Bonal,20005,+€6.30m,,2013,https://www.transfermarkt.co.uk/fc-sochaux-montbeliard/startseite/verein/750
762,newcastle-united,Newcastle United,GB1,,29,276,14,483,11,St James' Park,52338,€-108.60m,,2023,https://www.transfermarkt.co.uk/newcastle-united/startseite/verein/762
1041,olympique-lyon,Olympique Lyon,FR1,,28,250,16,571,5,Groupama Stadium,59186,+€87.87m,,2023,https://www.transfermarkt.co.uk/olympique-lyon/startseite/verein/1041
1084,fc-malaga,Málaga CF,ES1,,27,279,8,296,0,La Rosaleda,30044,+€950k,,2017,https://www.transfermarkt.co.uk/fc-malaga/startseite/verein/1084
1148,fc-brentford,Brentford FC,GB1,,29,260,20,690,16,Gtech Community Stadium,17250,€-54.76m,,2023,https://www.transfermarkt.co.uk/fc-brentford/startseite/verein/1148
1162,sm-caen,SM Caen,FR1,,27,257,12,444,4,Stade Michel-d'Ornano,20500,+€3.05m,,2018,https://www.transfermarkt.co.uk/sm-caen/startseite/verein/1162
142,real-saragossa,Real Zaragoza,ES1,,23,260,6,261,1,La Romareda,33608,+€30k,,2012,https://www.transfermarkt.co.uk/real-saragossa/startseite/verein/142
16,borussia-dortmund,Borussia Dortmund,L1,,28,259,13,464,19,SIGNAL IDUNA PARK,81365,+€50.35m,,2023,https://www.transfermarkt.co.uk/borussia-dortmund/startseite/verein/16
2288,swansea-city,Swansea City,GB1,,22,248,17,773,4,Swansea.com Stadium,21088,+€8.35m,,2017,https://www.transfermarkt.co.uk/swansea-city/startseite/verein/2288
237,rcd-mallorca,RCD Mallorca,ES1,,23,287,10,435,5,Mallorca Son Moix,20500,€-2.30m,,2023,https://www.transfermarkt.co.uk/rcd-mallorca/startseite/verein/237
3558,gfc-ajaccio,GFC Ajaccio,FR1,,5,268,1,200,1,Stade Ange-Casanova,4050,+-0,,2015,https://www.transfermarkt.co.uk/gfc-ajaccio/startseite/verein/3558
4102,carpi-fc-1909,AC Carpi,IT1,,25,236,6,240,1,Sandro Cabassi,5510,+-0,,2015,https://www.transfermarkt.co.uk/carpi-fc-1909/startseite/verein/4102
42,hannover-96,Hannover 96,L1,,28,250,6,214,1,Heinz-von-Heiden-Arena,49000,€-300k,,2018,https://www.transfermarkt.co.uk/hannover-96/startseite/verein/42
641,fc-middlesbrough,Middlesbrough FC,GB1,,25,261,8,320,6,Riverside Stadium,33746,+€16.68m,,2016,https://www.transfermarkt.co.uk/fc-middlesbrough/startseite/verein/641
667,rc-strassburg-alsace,RC Strasbourg Alsace,FR1,,27,247,14,519,9,Stade de la Meinau,26109,€-23.00m,,2023,https://www.transfermarkt.co.uk/rc-strassburg-alsace/startseite/verein/667
681,real-sociedad-san-sebastian,Real Sociedad,ES1,,26,253,7,269,10,Reale Arena,39313,€-10.60m,,2023,https://www.transfermarkt.co.uk/real-sociedad-san-sebastian/startseite/verein/681
873,crystal-palace,Crystal Palace,GB1,,27,263,12,444,8,Selhurst Park,26047,€-38.70m,,2023,https://www.transfermarkt.co.uk/crystal-palace/startseite/verein/873
1032,fc-reading,Reading FC,GB1,,30,231,14,467,5,Select Car Leasing Stadium,24161,+€3.06m,,2012,https://www.transfermarkt.co.uk/fc-reading/startseite/verein/1032
1039,queens-park-rangers,Queens Park Rangers,GB1,,26,259,15,577,8,Loftus Road Stadium,18360,+€900k,,2014,https://www.transfermarkt.co.uk/queens-park-rangers/startseite/verein/1039
1244,cd-leganes,CD Leganés,ES1,,23,286,8,348,3,Butarque,12454,+€1.00m,,2019,https://www.transfermarkt.co.uk/cd-leganes/startseite/verein/1244
14171,thonon-evian-grand-geneve-fc,Thonon Évian Grand Genève FC,FR1,,27,274,6,222,1,Stade Camille Fournier,2500,+-0,,2014,https://www.transfermarkt.co.uk/thonon-evian-grand-geneve-fc/startseite/verein/14171
244,olympique-marseille,Olympique Marseille,FR1,,25,259,20,800,16,Orange Vélodrome,67394,€-30.60m,,2023,https://www.transfermarkt.co.uk/olympique-marseille/startseite/verein/244
367,rayo-vallecano,Rayo Vallecano,ES1,,24,292,11,458,6,Campo de Fútbol de Vallecas,15105,€-11.60m,,2023,https://www.transfermarkt.co.uk/rayo-vallecano/startseite/verein/367
379,west-ham-united,West Ham United,GB1,,25,283,18,720,14,London Stadium,62500,+€18.84m,,2023,https://www.transfermarkt.co.uk/west-ham-united/startseite/verein/379
380,us-salernitana-1919,US Salernitana 1919,IT1,,27,270,21,778,11,Arechi,29739,€-24.69m,,2023,https://www.transfermarkt.co.uk/us-salernitana-1919/startseite/verein/380
41,hamburger-sv,Hamburger SV,L1,,30,236,15,500,4,Volksparkstadion,57000,€-6.00m,,2017,https://www.transfermarkt.co.uk/hamburger-sv/startseite/verein/41
79,vfb-stuttgart,VfB Stuttgart,L1,,28,241,11,393,6,MHPArena Stuttgart,60449,+€27.55m,,2023,https://www.transfermarkt.co.uk/vfb-stuttgart/startseite/verein/79
86,sv-werder-bremen,SV Werder Bremen,L1,,24,269,10,417,6,Wohninvest-Weserstadion,42100,+€20.81m,,2023,https://www.transfermarkt.co.uk/sv-werder-bremen/startseite/verein/86
931,fc-fulham,Fulham FC,GB1,,26,279,24,923,14,Craven Cottage,25700,€-15.87m,,2023,https://www.transfermarkt.co.uk/fc-fulham/startseite/verein/931
1123,norwich-city,Norwich City,GB1,,25,260,17,680,12,Carrow Road,27244,€-10.33m,,2021,https://www.transfermarkt.co.uk/norwich-city/startseite/verein/1123
1531,fc-elche,Elche CF,ES1,,18,273,5,278,0,Manuel Martínez Valero,31388,+€1.00m,,2022,https://www.transfermarkt.co.uk/fc-elche/startseite/verein/1531
583,fc-paris-saint-germain,Paris Saint-Germain,FR1,,29,256,17,586,18,Parc des Princes,49691,€-146.50m,,2023,https://www.transfermarkt.co.uk/fc-paris-saint-germain/startseite/verein/583
621,athletic-bilbao,Athletic Bilbao,ES1,,25,276,1,40,4,San Mamés,53289,+-0,,2023,https://www.transfermarkt.co.uk/athletic-bilbao/startseite/verein/621
65,spvgg-greuther-furth,SpVgg Greuther Fürth,L1,,28,240,11,393,2,Sportpark Ronhof | Thomas Sommer,16626,+€3.97m,,2021,https://www.transfermarkt.co.uk/spvgg-greuther-furth/startseite/verein/65
855,ea-guingamp,EA Guingamp,FR1,,27,254,7,259,1,Stade du Roudourou,18120,+€3.70m,,2018,https://www.transfermarkt.co.uk/ea-guingamp/startseite/verein/855
985,manchester-united,Manchester United,GB1,,31,263,22,710,22,Old Trafford,74879,€-149.06m,,2023,https://www.transfermarkt.co.uk/manchester-united/startseite/verein/985
1132,fc-burnley,Burnley FC,GB1,,33,250,25,758,15,Turf Moor,21994,€-107.25m,,2023,https://www.transfermarkt.co.uk/fc-burnley/startseite/verein/1132
150,real-betis-sevilla,Real Betis Balompié,ES1,,26,284,14,538,7,Benito Villamarín,60721,+€43.50m,,2023,https://www.transfermarkt.co.uk/real-betis-sevilla/startseite/verein/150
3368,ud-levante,Levante UD,ES1,,23,275,6,261,0,Ciutat de València,26354,+€7.80m,,2021,https://www.transfermarkt.co.uk/ud-levante/startseite/verein/3368
506,juventus-turin,Juventus FC,IT1,,24,272,12,500,16,Allianz Stadium,41507,€-21.60m,,2023,https://www.transfermarkt.co.uk/juventus-turin/startseite/verein/506
618,as-saint-etienne,AS Saint-Étienne,FR1,,29,251,8,276,3,Stade Geoffroy-Guichard,42000,+€12.85m,,2021,https://www.transfermarkt.co.uk/as-saint-etienne/startseite/verein/618
1095,es-troyes-ac,ESTAC Troyes,FR1,,29,231,16,571,5,Stade de l'Aube,21877,+-0,,2022,https://www.transfermarkt.co.uk/es-troyes-ac/startseite/verein/1095
1420,sco-angers,Angers SCO,FR1,,27,242,12,444,5,Stade Raymond Kopa,19350,+€3.50m,,2022,https://www.transfermarkt.co.uk/sco-angers/startseite/verein/1420
23826,rasenballsport-leipzig,RB Leipzig,L1,,27,255,18,667,18,Red Bull Arena,47069,+€88.20m,,2023,https://www.transfermarkt.co.uk/rasenballsport-leipzig/startseite/verein/23826
2687,fc-cadiz,Cádiz CF,ES1,,28,291,8,286,2,Nuevo Mirandilla,21094,+€3.50m,,2023,https://www.transfermarkt.co.uk/fc-cadiz/startseite/verein/2687
2919,ac-monza,AC Monza,IT1,,30,269,11,367,3,U-Power Stadium - Brianteo,16917,€-41.50m,,2023,https://www.transfermarkt.co.uk/ac-monza/startseite/verein/2919
3524,clermont-foot-63,Clermont Foot 63,FR1,,24,269,15,625,6,Stade Gabriel-Montpied,13000,€-2.10m,,2023,https://www.transfermarkt.co.uk/clermont-foot-63/startseite/verein/3524
398,lazio-rom,SS Lazio,IT1,,29,273,17,586,10,Olimpico di Roma,73261,+€10.54m,,2023,https://www.transfermarkt.co.uk/lazio-rom/startseite/verein/398
4171,benevento-calcio,Benevento Calcio,IT1,,31,267,16,516,2,Ciro Vigorito,16867,€-1.93m,,2020,https://www.transfermarkt.co.uk/benevento-calcio/startseite/verein/4171
418,real-madrid,Real Madrid,ES1,,23,277,15,652,19,Santiago Bernabéu,81044,€-122.50m,,2023,https://www.transfermarkt.co.uk/real-madrid/startseite/verein/418
6574,us-sassuolo,US Sassuolo,IT1,,27,264,16,593,10,Mapei Stadium - Città del Tricolore,21584,+€40.52m,,2023,https://www.transfermarkt.co.uk/us-sassuolo/startseite/verein/6574
738,ac-le-havre,Le Havre AC,FR1,,29,251,16,552,6,Stade Océane,25178,€-2.90m,,2023,https://www.transfermarkt.co.uk/ac-le-havre/startseite/verein/738
89,1-fc-union-berlin,1.FC Union Berlin,L1,,28,274,16,571,12,Stadion An der Alten Försterei,22012,€-29.90m,,2023,https://www.transfermarkt.co.uk/1-fc-union-berlin/startseite/verein/89
940,celta-vigo,Celta de Vigo,ES1,,24,266,11,458,8,Abanca Balaídos,29000,+€29.50m,,2023,https://www.transfermarkt.co.uk/celta-vigo/startseite/verein/940
1387,acn-siena-1904,Siena FC,IT1,,20,255,2,100,0,Artemio Franchi,15373,+-0,,2012,https://www.transfermarkt.co.uk/acn-siena-1904/startseite/verein/1387
1390,cagliari-calcio,Cagliari Calcio,IT1,,30,274,14,467,9,Unipol Domus,16416,€-8.60m,,2023,https://www.transfermarkt.co.uk/cagliari-calcio/startseite/verein/1390
1416,amiens-sc,Amiens SC,FR1,,24,241,10,417,7,Stade Crédit Agricole la Licorne,12999,+€700k,,2019,https://www.transfermarkt.co.uk/amiens-sc/startseite/verein/1416
167,fc-augsburg,FC Augsburg,L1,,32,251,20,625,6,WWK ARENA,30660,+€17.45m,,2023,https://www.transfermarkt.co.uk/fc-augsburg/startseite/verein/167
289,afc-sunderland,Sunderland AFC,GB1,,26,235,12,462,6,Stadium of Light,48707,€-6.06m,,2016,https://www.transfermarkt.co.uk/afc-sunderland/startseite/verein/289
2921,delfino-pescara-1936,Delfino Pescara 1936,IT1,,28,246,6,214,1,Adriatico,20476,+€4.60m,,2016,https://www.transfermarkt.co.uk/delfino-pescara-1936/startseite/verein/2921
3,1-fc-koln,1.FC Köln,L1,,31,255,8,258,6,RheinEnergieSTADION,50000,+€200k,,2023,https://www.transfermarkt.co.uk/1-fc-koln/startseite/verein/3
430,ac-florenz,ACF Fiorentina,IT1,,31,251,16,516,13,Artemio Franchi,43147,+€21.25m,,2023,https://www.transfermarkt.co.uk/ac-florenz/startseite/verein/430
5,ac-mailand,AC Milan,IT1,,28,264,21,750,15,Giuseppe Meazza,75923,€-47.40m,,2023,https://www.transfermarkt.co.uk/ac-mailand/startseite/verein/5
512,stoke-city,Stoke City,GB1,,24,267,9,375,6,bet365 Stadium,30089,+€17.00m,,2017,https://www.transfermarkt.co.uk/stoke-city/startseite/verein/512
826,rc-lens,RC Lens,FR1,,29,261,15,517,12,Stade Bollaert-Delelis,38223,+€3.64m,,2023,https://www.transfermarkt.co.uk/rc-lens/startseite/verein/826
897,deportivo-la-coruna,Deportivo de La Coruña,ES1,,24,277,3,125,0,Abanca Riazor,32912,€-435k,,2017,https://www.transfermarkt.co.uk/deportivo-la-coruna/startseite/verein/897
11,fc-arsenal,Arsenal FC,GB1,,25,257,18,720,21,Emirates Stadium,60704,€-167.04m,,2023,https://www.transfermarkt.co.uk/fc-arsenal/startseite/verein/11
1627,catania-calcio,Catania FC,IT1,,27,260,5,185,0,Cibali - Angelo Massimino,20204,€-101k,,2013,https://www.transfermarkt.co.uk/catania-calcio/startseite/verein/1627
16795,fc-granada,Granada CF,ES1,,24,282,7,292,4,Nuevo Los Cármenes,19336,€-6.50m,,2023,https://www.transfermarkt.co.uk/fc-granada/startseite/verein/16795
2239,us-cremonese,US Cremonese,IT1,,29,254,9,300,2,Giovanni Zini,16003,+€5.00m,,2022,https://www.transfermarkt.co.uk/us-cremonese/startseite/verein/2239
252,genua-cfc,Genoa CFC,IT1,,27,269,20,741,9,Luigi Ferraris,34901,€-17.38m,,2023,https://www.transfermarkt.co.uk/genua-cfc/startseite/verein/252
281,manchester-city,Manchester City,GB1,,24,271,17,708,20,Etihad Stadium,55017,€-126.60m,,2023,https://www.transfermarkt.co.uk/manchester-city/startseite/verein/281
3302,ud-almeria,UD Almería,ES1,,25,256,13,520,5,Power Horse Stadium,18331,€-8.90m,,2023,https://www.transfermarkt.co.uk/ud-almeria/startseite/verein/3302
39,1-fsv-mainz-05,1.FSV Mainz 05,L1,,27,266,13,481,7,Mewa Arena,33305,+€14.55m,,2023,https://www.transfermarkt.co.uk/1-fsv-mainz-05/startseite/verein/39
405,aston-villa,Aston Villa,GB1,,26,271,19,731,15,Villa Park,42682,€-60.45m,,2023,https://www.transfermarkt.co.uk/aston-villa/startseite/verein/405
543,wolverhampton-wanderers,Wolverhampton Wanderers,GB1,,26,260,22,846,14,Molineux Stadium,32050,+€75.20m,,2023,https://www.transfermarkt.co.uk/wolverhampton-wanderers/startseite/verein/543
60,sc-freiburg,SC Freiburg,L1,,27,265,9,333,9,Europa-Park Stadion,34700,+€35.30m,,2023,https://www.transfermarkt.co.uk/sc-freiburg/startseite/verein/60
714,espanyol-barcelona,RCD Espanyol Barcelona,ES1,,26,254,6,231,4,RCDE Stadium,40500,+€5.50m,,2022,https://www.transfermarkt.co.uk/espanyol-barcelona/startseite/verein/714
862,chievo-verona,Chievo Verona,IT1,,0,,0,,0,Marcantonio Bentegodi,31045,+-0,,2018,https://www.transfermarkt.co.uk/chievo-verona/startseite/verein/862
8970,frosinone-calcio,Frosinone Calcio,IT1,,30,253,17,567,3,Benito Stirpe,16227,+€8.85m,,2023,https://www.transfermarkt.co.uk/frosinone-calcio/startseite/verein/8970
12321,fc-girona,Girona FC,ES1,,25,271,11,440,6,Montilivi,13286,€-4.35m,,2023,https://www.transfermarkt.co.uk/fc-girona/startseite/verein/12321
127,sc-paderborn-07,SC Paderborn 07,L1,,26,257,5,192,1,Home Deluxe Arena,15000,€-450k,,2019,https://www.transfermarkt.co.uk/sc-paderborn-07/startseite/verein/127
19,brescia-calcio,Brescia Calcio,IT1,,28,251,12,429,1,Mario Rigamonti,19550,+€3.65m,,2019,https://www.transfermarkt.co.uk/brescia-calcio/startseite/verein/19
23,eintracht-braunschweig,Eintracht Braunschweig,L1,,30,256,11,367,2,EINTRACHT-Stadion,23325,+€750k,,2013,https://www.transfermarkt.co.uk/eintracht-braunschweig/startseite/verein/23
33,fc-schalke-04,FC Schalke 04,L1,,27,264,12,444,4,Veltins-Arena,62271,+€10.30m,,2022,https://www.transfermarkt.co.uk/fc-schalke-04/startseite/verein/33
350,sheffield-united,Sheffield United,GB1,,30,259,18,600,8,Bramall Lane,32702,€-33.55m,,2023,https://www.transfermarkt.co.uk/sheffield-united/startseite/verein/350
472,ud-las-palmas,UD Las Palmas,ES1,,26,270,8,308,3,Estadio de Gran Canaria,32400,€-4.80m,,2023,https://www.transfermarkt.co.uk/ud-las-palmas/startseite/verein/472
1005,us-lecce,US Lecce,IT1,,31,240,23,742,6,Ettore Giardiniero,31559,+€3.95m,,2023,https://www.transfermarkt.co.uk/us-lecce/startseite/verein/1005
1038,sampdoria-genua,UC Sampdoria,IT1,,33,243,5,156,4,Luigi Ferraris,36348,+€1.75m,,2022,https://www.transfermarkt.co.uk/sampdoria-genua/startseite/verein/1038
1210,as-livorno,US Livorno 1915,IT1,,29,241,5,172,0,Armando Picchi,19238,+-0,,2013,https://www.transfermarkt.co.uk/as-livorno/startseite/verein/1210
1533,sd-eibar,SD Eibar,ES1,,26,283,5,192,0,Ipurua,8164,+€2.60m,,2020,https://www.transfermarkt.co.uk/sd-eibar/startseite/verein/1533
180,fc-southampton,Southampton FC,GB1,,29,245,20,690,13,St Mary's Stadium,32384,+€2.40m,,2022,https://www.transfermarkt.co.uk/fc-southampton/startseite/verein/180
2448,sporting-gijon,Sporting Gijón,ES1,,28,262,10,357,2,El Molinón - Enrique Castro Quini,29029,+€5.23m,,2016,https://www.transfermarkt.co.uk/sporting-gijon/startseite/verein/2448
368,fc-sevilla,Sevilla FC,ES1,,27,289,18,667,8,Ramón Sánchez-Pizjuán,43883,€-5.50m,,2023,https://www.transfermarkt.co.uk/fc-sevilla/startseite/verein/368
38,fortuna-dusseldorf,Fortuna Düsseldorf,L1,,29,259,12,414,2,MERKUR SPIEL-ARENA,54600,+€600k,,2019,https://www.transfermarkt.co.uk/fortuna-dusseldorf/startseite/verein/38
415,fc-toulouse,FC Toulouse,FR1,,29,234,23,793,8,Stadium Municipal,33150,+€200k,,2023,https://www.transfermarkt.co.uk/fc-toulouse/startseite/verein/415
416,fc-turin,Torino FC,IT1,,26,253,21,808,14,Stadio Olimpico Grande Torino,28177,€-33.40m,,2023,https://www.transfermarkt.co.uk/fc-turin/startseite/verein/416
417,ogc-nizza,OGC Nice,FR1,,29,242,14,483,11,Allianz Riviera,36178,€-27.10m,,2023,https://www.transfermarkt.co.uk/ogc-nizza/startseite/verein/417
44,hertha-bsc,Hertha BSC,L1,,36,241,14,389,7,Olympiastadion Berlin,74667,+€6.70m,,2022,https://www.transfermarkt.co.uk/hertha-bsc/startseite/verein/44
631,fc-chelsea,Chelsea FC,GB1,,30,238,20,667,20,Stamford Bridge,40853,€-198.40m,,2023,https://www.transfermarkt.co.uk/fc-chelsea/startseite/verein/631
749,fc-empoli,FC Empoli,IT1,,29,259,12,414,8,Carlo Castellani,19847,+€40.80m,,2023,https://www.transfermarkt.co.uk/fc-empoli/startseite/verein/749
10,arminia-bielefeld,Arminia Bielefeld,L1,,27,253,15,556,4,SchücoArena,26515,+€5.90m,,2021,https://www.transfermarkt.co.uk/arminia-bielefeld/startseite/verein/10
1049,fc-valencia,Valencia CF,ES1,,23,250,9,391,7,Mestalla,49430,+€14.00m,,2023,https://www.transfermarkt.co.uk/fc-valencia/startseite/verein/1049
27,fc-bayern-munchen,Bayern Munich,L1,,24,270,13,542,18,Allianz Arena,75024,+€23.25m,,2023,https://www.transfermarkt.co.uk/fc-bayern-munchen/startseite/verein/27
29,fc-everton,Everton FC,GB1,,25,273,11,440,6,Goodison Park,39571,+€42.30m,,2023,https://www.transfermarkt.co.uk/fc-everton/startseite/verein/29
290,aj-auxerre,AJ Auxerre,FR1,,26,243,15,556,6,Stade de l'Abbé-Deschamps,18541,+-0,,2022,https://www.transfermarkt.co.uk/aj-auxerre/startseite/verein/290
347,fc-metz,FC Metz,FR1,,30,252,22,733,10,Stade Saint-Symphorien,28786,+€23.10m,,2023,https://www.transfermarkt.co.uk/fc-metz/startseite/verein/347
399,leeds-united,Leeds United,GB1,,27,246,18,667,9,Elland Road,37890,+€930k,,2022,https://www.transfermarkt.co.uk/leeds-united/startseite/verein/399
4083,fc-crotone,FC Crotone,IT1,,25,270,6,240,1,Ezio Scida,16640,+€3.90m,,2020,https://www.transfermarkt.co.uk/fc-crotone/startseite/verein/4083
533,tsg-1899-hoffenheim,TSG 1899 Hoffenheim,L1,,30,261,13,433,12,PreZero Arena,30150,€-7.30m,,2023,https://www.transfermarkt.co.uk/tsg-1899-hoffenheim/startseite/verein/533
607,venezia-fc,Venezia FC,IT1,,27,256,17,630,5,Pier Luigi Penzo,11150,+€4.83m,,2021,https://www.transfermarkt.co.uk/venezia-fc/startseite/verein/607
800,atalanta-bergamo,Atalanta BC,IT1,,25,271,17,680,15,Gewiss Stadium,21747,+€87.00m,,2023,https://www.transfermarkt.co.uk/atalanta-bergamo/startseite/verein/800
984,west-bromwich-albion,West Bromwich Albion,GB1,,25,278,8,320,4,The Hawthorns,26850,€-1.35m,,2020,https://www.transfermarkt.co.uk/west-bromwich-albion/startseite/verein/984
